name,interaction,isStart,isEnd,comment,toNodes,headers,body
0,N,TRUE,FALSE,,1:N/6:F/19:X/33:X/47:X/61:X/75:X,,
1,P,FALSE,FALSE,,2:N/3:N,,id:P/password:P
2,N,FALSE,FALSE,,5:N,,
3,N,FALSE,FALSE,,4:N,,
4,N,FALSE,FALSE,,6:N,,
5,F,FALSE,FALSE,,6:F/19:X/33:X/47:X/61:X/75:X/90:U,,
6,N,FALSE,FALSE,,7:N/18:U,,
7,N,FALSE,FALSE,,8:N,,
8,U,FALSE,FALSE,,9:N/11:N,,
9,N,FALSE,FALSE,,10:N,,
10,N,FALSE,FALSE,,17:U,,
11,N,FALSE,FALSE,,12:N/13:N,,
12,N,FALSE,FALSE,,10:N,,
13,N,FALSE,FALSE,,14:N,,
14,P,FALSE,FALSE,,15:P/16:P,token:N,id:P/name:P/tags:P/container_format:N/disk_format:N/visibility:U
15,N,FALSE,FALSE,,17:N,,
16,N,FALSE,FALSE,,20:N,,
17,U,FALSE,FALSE,,19:F/33:X/47:X/61:X/75:X/90:U,,
18,N,FALSE,FALSE,,17:U,,
19,N,FALSE,FALSE,,21:N/22:N,,
20,F,FALSE,FALSE,,19:N/33:X/47:X/61:X/75:X/90:F,,
21,U,FALSE,FALSE,,32:U,,
22,N,FALSE,FALSE,,23:N,,
23,N,FALSE,FALSE,,24:N/25:N,,
24,N,FALSE,FALSE,,27:N/28:N,,
25,N,FALSE,FALSE,,26:N,,
26,U,FALSE,FALSE,,32:U,,
27,N,FALSE,FALSE,,26:N,,
28,N,FALSE,FALSE,,30:N,,
29,N,FALSE,FALSE,,32:N,,
30,P,FALSE,FALSE,,29:P/31:P,token:N/image_id:U/image_data:P,
31,N,FALSE,FALSE,,34:N,,
32,U,FALSE,FALSE,,33:F/47:X/61:X/75:X/90:U,,
33,N,FALSE,FALSE,,35:N/36:N,,
34,F,FALSE,FALSE,,33:N/47:X/61:X/75:X/90:F,,
35,U,FALSE,FALSE,,46:U,,
36,N,FALSE,FALSE,,37:N,,
37,U,FALSE,FALSE,,38:N/40:N,,
38,N,FALSE,FALSE,,39:N,,
39,N,FALSE,FALSE,,46:U,,
40,N,FALSE,FALSE,,41:N/42:N,,
41,N,FALSE,FALSE,,39:N,,
42,N,FALSE,FALSE,,43:N,,
43,P,FALSE,FALSE,,44:P/45:N,token:N/tenant_id:P/image_id:U,
44,N,FALSE,FALSE,,46:N,,
45,N,FALSE,FALSE,,48:N,,
46,U,FALSE,FALSE,,47:F/61:X/75:X/90:U,,
47,N,FALSE,FALSE,,49:N/50:N,,
48,F,FALSE,FALSE,,47:N/61:F/75:X/90:F,,
49,U,FALSE,FALSE,,60:U,,
50,N,FALSE,FALSE,,51:N,,
51,N,FALSE,FALSE,,52:N/54:N,,
52,N,FALSE,FALSE,,53:N,,
53,U,FALSE,FALSE,,60:U,,
54,N,FALSE,FALSE,,55:N/56:N,,
55,N,FALSE,FALSE,,53:N,,
56,N,FALSE,FALSE,,57:N,,
57,P,FALSE,FALSE,,58:P/59:P,token:N,name:P/imageRef:P/flavorRef:P/metadata:P/personality:P
58,N,FALSE,FALSE,,60:N,,
59,N,FALSE,FALSE,,62:N,,
60,U,FALSE,FALSE,,61:F/75:X/90:U,,
61,N,FALSE,FALSE,,63:N/64:N,,
62,F,FALSE,FALSE,,61:N/75:F/90:F,,
63,U,FALSE,FALSE,,74:U,,
64,N,FALSE,FALSE,,65:N,,
65,N,FALSE,FALSE,,66:N/68:N,,
66,N,FALSE,FALSE,,67:N,,
67,U,FALSE,FALSE,,74:U,,
68,N,FALSE,FALSE,,69:N/70:N,,
69,N,FALSE,FALSE,,67:N,,
70,N,FALSE,FALSE,,71:N,,
71,P,FALSE,FALSE,,72:P/73:N,token:N/tenant_id:P/server_id:P,
72,N,FALSE,FALSE,,74:N,,
73,N,FALSE,FALSE,,76:N,,
74,U,FALSE,FALSE,,75:F/90:U,,
75,N,FALSE,FALSE,,77:N/78:N,,
76,F,FALSE,FALSE,,75:N/90:F,,
77,U,FALSE,FALSE,,89:U,,
78,N,FALSE,FALSE,,79:N,,
79,N,FALSE,FALSE,,80:N/82:N,,
80,N,FALSE,FALSE,,81:N,,
81,U,FALSE,FALSE,,89:U,,
82,N,FALSE,FALSE,,83:N/84:N,,
83,N,FALSE,FALSE,,81:N,,
84,N,FALSE,FALSE,,85:N,,
85,P,FALSE,FALSE,,86:P/87:N,token:N/tenant_id:P/image_id:P,
86,U,FALSE,FALSE,,89:N,,
87,N,FALSE,FALSE,,88:N,,
88,N,FALSE,FALSE,,90:N,,
89,N,FALSE,FALSE,,90:N,,
90,N,FALSE,TRUE,,,,
